{"AUC": 0.748579036877909, "Accuracy": 0.8379430444581029, "confusion_matrix": {"_type": "image-file", "path": "media/images/confusion_matrix_0_df44913f1384f1bc354a.png", "sha256": "df44913f1384f1bc354a9763c3c540fc9b31d9ef3b166b8ee6740143dc994405", "size": 20263, "format": "png", "width": 700, "height": 400}, "_runtime": 11, "_timestamp": 1643560477, "_step": 0, "_wandb": {"runtime": 10}}